{
    "50": {
        "1v0f2dtx": 3.712009906768799,
        "q77da2y3": 3.6415441036224365,
        "xbze5s3c": 3.509037971496582,
        "6emy92i5": 3.0134804248809814,
        "b0a0s2fs": 2.6121323108673096,
        "bchcy4hn": 2.607919692993164,
        "rl2qxd03": 2.3306524753570557,
        "7jsponjx": 2.3231847286224365,
        "50d92kjk": 2.3080575466156006,
        "8plkh5g8": 2.2686121463775635,
        "wcn6o3fd": 2.259037971496582,
        "cyopezdr": 2.028935432434082,
        "orcpvn2e": 1.993044376373291,
        "ldklj4oz": 1.9736806154251099,
        "to4b993l": 1.9115923643112183,
        "nn34mumo": 1.8975183963775635,
        "998lscmk": 1.8715723752975464,
        "950x4b9a": 1.8429456949234009,
        "5fg87lvu": 1.823606014251709,
        "tp5q8bbp": 1.7855008840560913,
        "gpntxvi4": 1.7724800109863281,
        "icwvm7jp": 1.720588207244873,
        "sf5jd7cv": 1.719247817993164,
        "deajwhx0": 1.7045036554336548,
        "tfums7or": 1.6851638555526733,
        "y3envkbs": 1.6796108484268188,
        "9pdakwmb": 1.6765471696853638,
        "ybvhhwkq": 1.6321231126785278,
        "d51qtjuy": 1.6110600233078003,
        "7h7v6abe": 1.5965073108673096,
        "32f8dnd3": 1.5942095518112183,
        "jwb2hj4y": 1.589231014251709,
        "od6zj47a": 1.5662530660629272,
        "ueszp3rr": 1.5555299520492554,
        "8ysfaww2": 1.478936791419983,
        "f76ypfma": 1.4437040090560913,
        "g2tdk5m2": 1.3694086074829102,
        "j37hmrum": 1.3537070751190186,
        "4m24fhmj": 1.322686791419983,
        "vr3p7ri6": 1.2962621450424194,
        "n0v28j3k": 1.143075942993164,
        "baoqgu8v": 1.1032475233078003,
        "hwwaoza1": 1.0925244092941284,
        "h4gi99hn": 0.7938112020492554,
        "j6lbxlm3": 0.20404404401779175,
        "av4mt6rg": 0.1917891502380371,
        "8sfold5f": 0.03553914278745651,
        "mmlqe2pl": 0.026347965002059937,
        "wn0o7422": 0.02022051438689232,
        "l102f1e3": 0.01715678907930851
    }
}