{
    "10": {
        "pn02p843": 3.813112735748291,
        "ls408b2b": 3.776348114013672,
        "all7ocnd": 3.5687806606292725,
        "n0nch8he": 3.502910614013672,
        "qrhzum9v": 3.377297878265381,
        "1r8dhqi5": 3.32981014251709,
        "q5xc4m3j": 3.3290441036224365,
        "31jzsl2y": 3.3129594326019287,
        "lezcbgx9": 3.311427593231201,
        "uwix8ftr": 3.2815563678741455,
        "esa5700v": 3.238664150238037,
        "5tx03o6h": 3.2340686321258545,
        "p1jeiljo": 3.201899528503418,
        "u9fmokcf": 3.196537971496582,
        "5vu2rerf": 3.154411792755127,
        "6om7unal": 3.149050235748291,
        "s74jgknw": 3.126838207244873,
        "v62bf53w": 3.1053922176361084,
        "oejemaei": 3.103860378265381,
        "qqsefagq": 3.099264621734619,
        "icvrv3hs": 3.0839459896087646,
        "srpgcy4b": 3.0724570751190186,
        "5rz7gk3m": 3.0701591968536377,
        "t4ocnyng": 3.060202121734619,
        "7t3ci8tl": 3.0310966968536377,
        "gz18sxzc": 2.998927593231201,
        "yat5g2i9": 2.968290328979492,
        "0ufwlw87": 2.9223344326019287,
        "ld435hiv": 2.914675235748291,
        "32ev8de1": 2.8909313678741455,
        "2s23t6us": 2.8763787746429443,
        "31jszjzo": 2.872549057006836,
        "xbuypaf6": 2.864889621734619,
        "3t2ag3gk": 2.86106014251709,
        "bqrtjf0j": 2.851102828979492,
        "f0sc3vmp": 2.8051469326019287,
        "f1sceihp": 2.8039982318878174,
        "jv96zfw1": 2.7890625,
        "s6229sbc": 2.7787222862243652,
        "u0cr5ic0": 2.769914150238037,
        "u2id5egd": 2.769914150238037,
        "fmf3a7b8": 2.650045871734619,
        "44r53qhx": 2.6420035362243652,
        "g21s7pxu": 2.5539214611053467,
        "wkoqqut1": 2.499540328979492,
        "1exyjhj0": 2.488051414489746,
        "8t8psk46": 2.393458843231201,
        "ktppk6wh": 2.217390537261963,
        "f3sre07i": 2.197284698486328,
        "bgf7h21a": 1.4226409196853638
    }
}